상호명,맛(추천),가격(추천),웨이팅(추천),서비스(추천),분위기(추천),카공(추천),위생(추천),전체(추천)
Cafe HE,9.861368,9.955741,9.747959999999999,9.932023000000001,9.88532,9.896761999999999,9.760179,25.239353
Studiowup?: Billy's House,28.254525,30.850825,26.586525,28.407775,25.586225,28.3333,26.657125,66.27629999999999
What's ur color?,19.9406,19.851599999999998,18.7218,19.721,16.2444,19.193199999999997,18.9164,90.589
and커피바,8.6406,15.1762,11.7942,17.167,14.1992,16.1072,13.3356,78.42
old friend,4.7976,9.888,6.3580000000000005,9.9522,10.6934,10.4582,6.3166,40.464000000000006
가빈커피,160.975018,170.085931,158.236384,169.719742,165.15708,168.296347,158.48174,382.652242
감과당,312.463988,328.878611,310.120451,330.233723,328.60595,328.782697,311.61920399999997,696.704624
객기,23.0872,24.855800000000002,22.014200000000002,24.549999999999997,24.977600000000002,24.5332,22.108800000000002,94.1268
계절의목소리,294.35093,326.375302,310.40656,329.577081,327.570259,332.695395,309.971235,691.946762
고스트요거트 이대직영점,102.210865,106.410785,103.49337,108.60302,108.26492,108.837045,103.560815,198.98082
고유,89.18530700000001,103.654505,89.834929,104.850835,101.97485800000001,104.445064,91.402391,299.247889
공간커피,242.572899,294.65828799999997,272.02943400000004,302.261769,301.762689,308.298826,271.932613,648.316518
공드린,62.397670000000005,66.76347200000001,62.405924,67.817772,59.577782,66.330466,63.551702,223.844788
공차 신촌연세로점,444.20034599999997,445.879869,442.270533,446.052416,451.156171,446.04771999999997,441.188338,461.795393
공차 이대익스프레스점,50.8072,46.0988,50.967,47.5364,49.418,50.6254,47.794399999999996,4.8472
공차 이대점,204.685797,196.647416,192.831671,195.800492,193.390498,195.120428,193.150196,122.126498
공차 현대신촌점,15.686198000000001,15.068448,17.657557,16.856463,17.7084,17.404959,17.619062000000003,-5.59891300000001
과일에반하다프루타 신촌점,12.664,15.8786,12.6284,15.9508,14.4812,14.7056,12.5604,44.869
그대를위한커피,32.560006,36.521156000000005,28.100644,34.535964,30.811483,30.997030000000002,29.887819,127.41410199999999
그래인바운더리,151.479922,155.566075,150.85234499999999,155.4821,155.219028,155.601914,150.99622499999998,205.79760900000002
그래피카,2029.280972,2101.817481,2010.267652,2096.943542,2097.984148,2095.960042,2013.985376,3023.439213
그로밋커피하우스,115.863517,143.483582,126.367046,144.80656100000002,146.042578,146.90743400000002,126.60754,366.878258
그릭데이 이대본점,2358.106112,2388.578671,2366.983837,2398.62035,2396.660805,2398.372449,2367.235823,2841.558047
금옥당 연희점,1965.13864,2004.980819,1944.529525,2009.574805,2011.159725,2005.228785,1942.91461,2462.526909
까페힐,121.62790000000001,136.540225,116.0632,138.44385,138.619925,135.57815,116.14612500000001,322.219375
꽃피다이화다방,573.428668,627.917568,580.729922,634.854399,632.453625,638.382155,582.034983,1164.80132
나띵벗커피,65.15029,66.38519,59.64158,65.85182,66.22895,64.28911,59.7673,146.71424
내사랑,395.097376,403.917913,385.696318,401.952637,396.437384,397.706453,389.667262,631.475343
네,3.0,4.6978,3.0,4.677,4.9606,4.8526,3.0,10.188
노란손수건 본점,4.7297,6.516,5.6491,6.603,6.7485,6.8053,5.6142,24.6658
노아스로스팅 헤리티지점,395.913744,415.10783,395.05278899999996,416.344538,412.991488,415.092768,396.02311199999997,685.626269
논탄토 신촌점,1974.1105610000002,2007.5159640000002,1974.4938510000002,2012.02122,2003.233214,2007.443367,1978.2172970000001,2445.435474
니도로스터리,119.3801,137.855258,117.88483799999999,137.079061,140.536497,138.736305,117.86586799999999,417.33792700000004
니드모어커피,22.24508,22.16646,21.1625,22.09744,20.33032,21.13678,22.02122,33.559799999999996
니어리,4.9232,4.9004,4.647,4.7876,4.8258,4.7292000000000005,4.6748,15.488
님버스커피,42.430724000000005,46.008728,42.430818,45.947614,46.507784,46.270824000000005,42.401762,133.498254
다나제과,13.5,15.1978,13.5,15.177,15.4606,15.352599999999999,13.5,20.688000000000002
다도레,41.1262,46.222,40.5296,46.237,47.1494,46.635200000000005,40.5912,105.0906
다크에디션커피,101.688796,113.1001,106.57045000000001,114.74085099999999,111.794327,113.185147,106.89945499999999,281.979126
단데농,13.656600000000001,15.479,17.3598,15.8666,15.426200000000001,15.9504,17.326,39.064600000000006
달리는커피 서울신촌점,17.698259,18.322162,18.120053,18.236365,18.202371999999997,18.281077999999997,18.107139,40.567428
대현동전통찻집,3.0,4.485575,3.0,4.4673750000000005,4.715525,4.621025,3.0,9.2895
더니커피,561.736429,567.9674699999999,554.174893,568.191107,562.900696,562.222799,556.290432,910.9838259999999
더벤티 신촌점,298.202505,291.876283,291.151475,289.379004,298.331213,292.332672,288.413932,254.487084
더벤티 이화여대포스코관점,2.2148,3.8822,3.2717,3.9570999999999996,4.2090000000000005,4.186,3.2588999999999997,-5.020299999999997
더블랙9,2.817328,2.813566,2.771755,2.794954,2.801257,2.785318,2.776342,4.56052
더블유피,192.97558,208.92482,187.90362,207.55077,208.04857,206.57333,187.70340000000002,408.48009
더파이홀,34527.661874,34604.273177,34492.031258,34606.602501,34546.52588,34581.240442,34513.868913,36438.204045
데스툴,338.91796700000003,359.916399,340.231268,360.205256,360.409765,360.02264,340.320958,595.224253
독수리다방,5074.453727,5149.7604360000005,5066.336615,5146.73132,5159.708461,5152.052578,5065.948998,5753.792135
돌파운드,104.666079,110.61257,99.910309,111.593133,107.697473,107.184838,102.943995,234.608397
드로윙커피하우스 이화여대2호점,86.20060000000001,96.129,85.777275,95.877925,95.337725,96.61255,85.751975,269.68705
디베티,6.7266,6.837,6.8492,6.9238,6.8252,6.921,6.8494,17.932199999999998
디앤케이149,5.7975,6.940375,5.699625,6.84,6.9510000000000005,6.9005,5.720000000000001,23.849
디저트39 신촌역점,28.3192,27.82174,26.83373,26.82962,27.85011,26.79658,26.85876,18.50974
디저트39 이대점,8.3994,10.1226,6.218,10.0436,10.7064,10.241,6.245,43.976
디저트바 이브흐,296.236105,307.04621000000003,282.087336,307.592453,296.581068,298.822301,288.720017,606.48549
디폴트밸류,930.625761,949.148773,933.9417129999999,953.728657,941.984078,951.514695,935.677029,1418.9207059999999
띵크커피 신촌현대점,1.7386,2.08976,2.01948,2.06912,2.08704,2.09168,2.01384,8.10952
라까프,10.506222000000001,10.472884,10.062394999999999,10.293645999999999,9.893893,10.163332,10.117408000000001,29.50978
라떼킹 신촌점,15.6,18.9956,15.6,18.954,19.5212,19.3052,15.6,29.976
라오상하이 신촌점,444.025602,471.798922,432.974861,467.789398,460.556486,459.57710799999995,435.578897,776.501274
라이프커피 이대점,177.87448,178.801583,159.268206,165.797267,165.41934,162.90239,159.354854,256.81812
라플,8.9696,8.8302,7.0,8.6722,8.7712,7.0,7.0,14.243200000000002
라플로르,25.594301,25.608383,24.029654,25.451898,22.879397,24.014668999999998,25.226746,64.805048
랑데자뷰 신촌유플렉스점,33.932500000000005,38.518699999999995,30.234650000000002,38.16975,37.2199,36.80095,30.294075,149.170525
래인,77.083721,91.348709,71.657425,88.089477,88.61292399999999,87.642453,71.853363,360.288072
래핑폭스,114.023529,120.92917299999999,109.690621,120.461619,118.81927,118.328814,112.125897,298.378923
랩트,32.8898,34.3998,31.1946,34.2473,31.129,32.3883,31.354400000000002,80.60319999999999
러브스토리 신촌점,17.883024,24.326934,15.493692,24.11262,23.46126,23.34879,15.542129999999998,126.16845
레몬트리,8.7616,8.7204,8.4152,8.5942,6.8258,8.350200000000001,8.501000000000001,28.1684
로덴드론 연희3호점,4.9232,6.6364,6.3084,6.4946,6.7544,6.6378,6.2768,26.0316
로덴드론 연희점,3181.975405,3259.945446,3182.320649,3260.191002,3256.660502,3256.76983,3184.815178,4291.678012
로우키 연희점,219.385089,239.178536,228.48224299999998,239.653384,230.18076399999998,239.24757499999998,228.507205,456.73479599999996
롯지190,1672.895955,1741.186189,1677.772859,1743.697288,1735.810439,1737.073088,1680.730331,2360.666149
룩백커피,120.7786,129.6617,120.4498,128.7192,119.7738,123.50699999999999,120.7739,305.964
리버럴커피랩,14.589849,17.864157,15.708873,17.628006,17.891688000000002,17.838678,15.71178,85.73303100000001
리버트리커피,5.7222,5.757,5.5401,5.7516,5.7843,5.733750000000001,5.55135,21.8403
리앤이라마띠네 카페 이대점,3.5,3.5,3.5,3.5,3.5,3.5,3.5,3.5
리화인아이스크림와플,395.45774600000004,402.56370300000003,386.359602,398.522957,371.96632800000003,389.55120500000004,392.36327,644.884811
릴렉세이션포인트 연희,1.0,0.1745,-1.9625,-1.8747,1.0,-1.8813,-1.9276,-11.4716
마룬,32.395199999999996,35.8234,31.705399999999997,35.420199999999994,36.254999999999995,35.7502,31.7016,78.551
마음밭오가닉카페,16.342752,16.353492,16.136482,16.367818,16.35323,16.307324,16.161966,33.023064000000005
마이디어스윗,25.015099999999997,24.92235,22.70825,24.504974999999998,19.844675000000002,22.4636,22.887,81.34595
마이시크릿메이트,134.390711,133.989791,130.877664,135.880395,133.14152900000002,133.07717000000002,132.594325,189.051585
마켓까눌레,27.105829,30.868707999999998,25.465591,30.580330999999997,31.170147,30.858000999999998,25.500778,99.549385
매뉴팩트커피 연희본점,6214.140643,6259.202147999999,6215.126182,6258.843562999999,6210.252256,6228.2451169999995,6221.836821999999,7281.846731
매머드익스프레스 신촌점,10.659144999999999,12.202307999999999,10.614284000000001,12.091149,12.108079,12.135686,10.644335,36.654986
매머드익스프레스 이대점,19.965358000000002,22.518903,21.66517,22.618953,22.686665,23.275964000000002,21.133443,43.164456
맨팅 연희점,50.806616,55.299176,45.145809,50.628953,47.040453,49.006462,45.167712,159.495181
메가MGC커피 신촌기차역점,8.5,8.5,8.5,8.5,8.5,8.5,8.5,8.5
메가MGC커피 신촌로터리점,14.3286,17.478702,17.872401,19.400498,19.122363,19.737336,17.784353,59.724253
메가MGC커피 신촌역점,2.5,2.5,2.5,2.5,2.5,2.5,2.5,2.5
메가MGC커피 신촌점,369.89735,383.96465,371.7535,383.54825,386.71495,384.4635,371.7606,491.80280000000005
메가MGC커피 연세대공학원점,6.072425,5.5994720000000004,5.916312,5.58666,6.104825,5.694155,5.873403,-19.152748
메가MGC커피 연희점,237.181088,237.61221,239.13758199999998,238.715963,238.225324,238.83067699999998,239.072429,216.775273
메가MGC커피 이대점,116.58659999999999,122.5932,123.2385,126.8887,122.4451,127.2717,123.163,188.98680000000002
메가MGC커피 창천점,55.55215,59.9384,58.5594,62.482,57.65989999999999,62.433025,58.65805,86.482925
메가샵크로플,3.0,3.0,3.0,3.0,3.0,3.0,3.0,3.0
메르시보꾸,60.67045,63.9042,55.742200000000004,63.114850000000004,62.32855,61.88805000000001,57.07965,153.82795000000002
명카페,53.4922,57.0986,51.547200000000004,56.209,56.787,56.0738,51.7672,184.975
모그,36.207376,42.036662,36.709574,41.982511,42.596784,42.307945,36.756661,134.597513
모와림,71.935894,82.812393,76.393116,83.651752,82.156061,84.240193,76.310895,257.500304
모음,247.216496,293.753891,273.112656,301.939918,292.944114,302.151735,273.746553,827.165363
몰리스,457.522024,464.507586,456.967403,467.215711,460.17098599999997,464.289517,457.700333,618.37356
문베어,756.315543,778.642925,739.021206,776.419102,775.832585,774.936695,742.174106,1239.342162
미네르바,935.422568,965.902063,944.574245,968.8890279999999,961.487327,968.083166,945.280308,1334.6387049999998
미도파 커피하우스,790.636482,819.050173,797.11397,818.6797230000001,828.141834,827.103338,792.150517,1045.676037
미미에토,16.556616,18.30133,16.075471999999998,18.546576,19.080235,18.715956,16.105187,63.08137200000001
미크 커피,254.43175300000001,268.084903,254.02465899999999,271.91949,258.549024,264.670707,258.348867,582.029403
바나프레소 신촌역점,5.0896,6.8394,5.0408,6.8202,7.0274,6.9474,5.0584,23.3232
바나프레소 신촌점,271.450426,290.451068,279.98616400000003,291.046882,289.496098,291.722584,279.18795,492.141172
반지하1호,31.3694,36.57599999999999,29.2982,36.2864,35.419399999999996,36.5978,29.3898,90.937
방긋 디저트카페&공방,71.2494,86.1422,68.4604,85.2672,81.0332,82.06660000000001,70.471,330.49
배추공주와페키들의감성놀이터,19.4058,19.0836,13.51175,17.49385,14.38415,13.891499999999999,16.89545,54.3661
베가니끄,361.10965500000003,376.681703,355.104484,374.190817,367.52055,372.728093,357.234756,686.570058
베러댄와플 이대점,529.141663,532.661068,516.867466,532.525633,506.824298,522.831872,522.564382,824.216382
베어스덴,409.27006,418.592921,402.760603,417.942806,420.172126,413.619114,401.21700300000003,599.974633
베지밍베이크,20.30945,20.261,15.5755,19.82885,19.806,19.2892,16.0532,65.42320000000001
벨라프라하,974.185999,1015.8458410000001,975.8763720000001,1015.9313770000001,1015.3035480000001,1015.687165,976.109729,1437.1400310000001
벨르아티,13.7656,13.6684,11.8438,11.9124,11.7582,11.8482,11.8636,26.660200000000003
보연희,2081.219823,2100.468166,2074.507521,2100.447942,2089.682315,2093.585897,2078.689497,2460.5011609999997
보케,235.05605899999998,251.94484699999998,229.933874,251.577984,248.91123199999998,248.058135,232.856463,527.138594
보틀라운지,840.8481939999999,886.634818,839.9273539999999,883.660775,888.147638,887.213179,840.3954259999999,1249.427384
본솔커피 연희점,107.7636,122.5655,103.64197,121.99286000000001,123.39794,123.37563,103.72817,317.46567
본지르르 연희,821.291785,904.082304,844.8952,915.377052,902.099565,922.402752,844.262324,1717.410982
북카페파오,598.695085,643.908546,602.076649,645.530126,642.259481,644.114834,605.586159,989.17088
브이카페 연희점,40.82195,44.22775,45.167699999999996,48.48885,48.23285,49.05415,45.0047,77.39795
블랙번즈,244.601549,281.593229,237.02648,279.444591,269.699466,273.457422,244.71802,798.540757
블루포트 이화여대점,43.54445,45.330975,45.04905,47.2404,45.679874999999996,47.40335,45.047225,96.095325
비비안의서재,13.155872,17.678477,14.385660000000001,17.599561,18.238704,18.017311,14.362948,44.138533
비엔나커피하우스 신촌점,12.089515,17.904121,14.878415,17.91865,16.5576,18.198542000000003,14.866391,86.013234
비피엠파이엔타르트,12.348,12.79962,10.9802,12.61122,12.3759,12.614070000000002,10.99822,30.72723
빅파운드커피,1.0,2.2605500000000003,1.99415,2.39245,1.49015,2.3965,1.99725,7.53105
빙달 연희점,48.313468,47.348755,36.701296,47.823873999999996,37.594318,36.989049,40.731301,102.002061
빽다방 신촌역점,222.720549,221.069246,223.340682,218.910442,224.438243,221.057101,221.570569,99.606832
빽다방 연희삼거리점,26.555999999999997,26.927599999999998,26.5152,26.9018,26.620199999999997,26.814999999999998,26.539,70.4748
삼층카페,111.267793,133.001285,109.719737,133.370573,132.649818,134.094211,110.807304,351.910721
새라울,31.089587,37.37239100000001,35.422205000000005,40.681467999999995,37.551958,41.064501,35.434814,126.61692400000001
서문,61.099925,67.3311,62.82925,68.11285,68.74445,68.615675,62.859275000000004,175.192525
설빙 신촌점,1569.221827,1590.346232,1567.7858560000002,1594.917163,1585.725809,1586.5505970000002,1570.016855,1763.064339
섬,31.9696,33.5382,31.749,33.4442,33.647,31.9448,31.694,47.9868
성산로374과자점,84.76667499999999,92.267775,80.49875,91.929725,88.5503,89.530425,83.19007500000001,250.733725
셀프커피숍,2.0,2.0,2.0,2.0,2.0,2.0,2.0,2.0
소빈커피,3.0,3.0,3.0,3.0,3.0,3.0,3.0,3.0
수카페&쿠킹스튜디오,20.2316,19.123295,19.543832,19.019925,17.743198999999997,18.833011999999997,19.587564,23.682426999999997
쉬즈베이글 이대점,14.881599999999999,14.90165,12.841125,14.67515,14.961775,14.693449999999999,12.86545,31.4202
스웨이커피스테이션,2901.984273,2939.461037,2885.13359,2931.789413,2920.209403,2920.586523,2887.798349,3736.062588
스타벅스 신촌명물거리점,734.668579,762.490323,755.3517439999999,771.36072,757.096318,772.260301,755.6859929999999,1011.113978
스타벅스 신촌아트레온점,206.0541,206.85735,202.91117500000001,206.3033,208.123775,206.54545,202.977675,213.372825
스타벅스 신촌역점,207.926975,232.768733,226.04653,241.04495599999998,232.02182399999998,241.317434,227.33207099999998,442.958523
스타벅스 신촌점,1143.811657,1192.213312,1171.403767,1205.783016,1180.102636,1201.980411,1177.4509150000001,1555.145714
스타벅스 연대동문점,43.8,49.439763,43.8,49.383195,50.333301,49.985921,43.8,67.74218
스타벅스 연대점,297.072504,307.20336399999997,296.544226,306.966797,307.460465,307.76710099999997,296.639318,386.853775
스타벅스 연세종합관점,172.9,174.59660000000002,172.7912,174.5492,174.9862,174.75060000000002,172.791,179.96480000000003
스타벅스 연희DT점,748.723901,778.535304,757.649276,784.2936559999999,779.335937,783.832511,759.119568,946.090153
스타벅스 연희동점,164.728005,178.130492,170.824319,178.879589,174.974367,179.611812,170.826811,253.175395
스타벅스 이대ECC점,106.31360000000001,115.5441,107.165,117.2719,116.8667,117.94630000000001,107.23,217.4376
스타벅스 이대R점,954.391646,971.291815,951.0659870000001,971.2872140000001,975.062934,974.215897,949.655288,1143.570781
스타벅스 이대역점,290.68212,318.45227,316.40234,325.01567,322.16719,327.25112,315.84479,541.8155
스타벅스 현대신촌점,38.4468,38.3048,39.018525,38.934935,38.971433000000005,38.979426000000004,39.005315,30.461234
스튜디오웝(빌리스하우스),190.909302,189.249085,158.570769,177.739123,178.961094,171.970334,161.022324,347.02203099999997
스트란드,12.2643,13.02095,10.333850000000002,12.96935,12.419699999999999,13.0047,10.381350000000001,30.394199999999998
시간이머무는홍차가게,861.9844360000001,906.809881,850.405194,903.433039,891.55721,901.2141240000001,852.417861,1669.921745
시도플레이스,180.006395,193.05537099999998,174.704334,191.884774,190.218134,190.019265,175.593206,449.181479
신촌브루스,377.20558800000003,403.632772,372.175589,405.089979,400.115309,404.56343400000003,374.414799,746.39747
심두,76.0191,79.5871,75.5108,79.6309,79.949,79.7436,75.5375,155.378
쓰리어클락,56.46385,62.789925000000004,47.18615,60.223125,60.5222,59.043875,48.987325000000006,197.21645
씨유그릭,212.460182,217.749089,208.732641,215.798566,219.680168,214.844292,207.77845100000002,258.643389
아날로그네버다이스,7.3,9.193225,8.018875,9.258625,9.4015,9.434875,7.99855,16.80565
아르가,3.0,3.0,3.0,3.0,3.0,3.0,3.0,3.0
아마스빈 이대점,112.487598,112.56062800000001,109.00317,112.64703,106.13885,109.086546,112.146373,180.070195
아워온즈,730.425387,758.00978,730.529439,759.810907,748.891138,755.140285,734.025497,1198.032433
아이스프링카페,4.6443,4.73448,4.62936,4.68516,4.60812,4.6551,4.6389,14.59542
아지트커피 연대서문점,318.269296,321.62684,306.982598,321.043908,314.881574,315.341075,310.633943,610.379234
안다르커피,79.375235,88.477419,75.16406599999999,88.106579,84.202982,83.928427,78.498845,185.05355300000002
알로하 토스트랑 커피랑,19.547608,19.509240000000002,19.152136,19.354536000000003,18.610056,19.195696,19.214264,37.383536
알트,32.379099,37.862934,33.435899,38.717121,38.187425000000005,39.230098999999996,33.422405999999995,109.234983
애니브 연희점,598.785005,606.977347,577.739187,607.74618,598.511759,598.949931,585.226708,885.3361170000001
앤트러사이트 연희점,7091.492377,7190.191447,7116.52604,7193.199611,7193.840167,7195.29449,7117.377376,8048.421508
앨리스,214.316593,220.72189400000002,205.45167800000002,221.576424,209.671021,211.597134,212.44312,478.777864
언더독커피,7.649127999999999,7.658957000000001,8.043129,7.615234000000001,7.669983,8.141878,8.063827,12.842136
에쉬본,19.881618,21.88776,19.418706,21.103596,21.177298,21.087065000000003,19.455709,50.411752
에스크투데이,45.0346,56.7576,46.7896,56.193799999999996,57.7626,55.3214,46.819,184.67860000000002
에쏘하우스,56.34633,68.33503999999999,60.030100000000004,68.28012,64.49757,68.265,60.282160000000005,251.03632000000002
에이투지카페,926.453956,948.13089,898.248691,950.470406,952.795144,952.942755,898.3626449999999,1345.8044869999999
에잇비돌체 신촌점,1.0,1.0,1.0,1.0,1.0,1.0,1.0,1.0
엠쓰리,16.979343,16.885498,10.947501,16.406517,15.057781,14.618484,12.638338000000001,61.533462
연희 에스프레소바,322.625762,353.612687,323.7497,356.560609,354.422418,355.241215,324.062642,760.0750330000001
연희롱블랙,4.222683,4.251962,4.171227,4.243319,4.223085,4.222817,4.180674,11.515767
연희문화살롱,19.7474,18.1678,16.2284,17.7968,18.1036,19.188,14.7908,16.022800000000004
예스커피,1.8332,1.8122,1.8487,1.8363,1.9105,1.8734,1.8381,-3.5476
옐로연희,45.478531000000004,52.763228999999995,47.875247,54.085985,55.087565000000005,56.275796,46.244882000000004,192.811235
오트뤼,0.908,0.6865999999999999,0.9146,0.9058,0.9167999999999998,0.8812,0.9238,-9.7632
옥루몽 신촌본점,822.2599270000001,831.800891,787.3032460000001,832.260046,806.816275,807.078489,795.709677,1083.028551
온팩토리랩,4.441711,4.533895,4.544082,4.606373,4.524042,4.604035,4.544249,13.798386999999998
올드프렌드,77.305398,80.759031,74.295455,80.858116,78.408093,79.182445,74.385409,192.393947
올레무스,4058.759926,4117.452875,4065.134795,4116.307534,4116.626938,4115.808142,4063.382764,5260.672974
와드커피 이대점,6.60275,8.19455,6.5891,8.269974999999999,8.456,8.411725,6.593475,32.117575
와이베를린,5.4232,8.796,5.147,8.6416,9.2472,8.9344,5.1748,30.364200000000004
와플덴 이대정문점,135.65826,144.182993,126.60283700000001,144.366716,115.797808,137.455584,132.252784,372.016982
와플잇업 이대2호점,3400.23615,3467.971084,3402.814283,3476.808344,3420.592625,3465.994505,3409.934773,4409.351764
원앤온리커피,135.0382,145.5912,136.30155,146.07195,146.73515,147.1953,136.1433,323.17665
원오브씨,199.280194,234.506035,208.06060499999998,235.844531,231.599016,238.014745,208.149756,593.654882
윈야드,148.362309,172.55514,153.067858,173.656192,161.80326300000002,168.507415,154.62471299999999,390.97688999999997
유원섬커피,1096.075822,1133.237874,1107.531957,1141.652765,1138.338117,1145.059134,1106.065889,1405.061558
이공커피 연희점,31.63501,36.87509,35.58972,40.67474,39.05549,41.24941,35.527840000000005,106.10730000000001
이디야커피 서대문구청점,42.016511,50.500326,47.598639,51.58715599999999,51.071075,52.535235,47.405523,109.614465
이디야커피 신촌기차역점,238.138768,269.370084,247.69835999999998,272.43093,273.884458,275.047007,247.471253,564.34086
이디야커피 신촌역점,505.047707,518.4752639999999,510.86082899999997,518.930694,522.8267979999999,522.901605,508.533542,511.576439
이디야커피 연남동점,198.04792899999998,219.769861,205.101302,222.63710899999998,219.981219,221.895575,205.760586,395.193581
이디야커피 연세대점,85.37190000000001,89.53915,85.6573,91.028,91.65247500000001,89.953075,85.575,130.0769
이디야커피 연희홍연길점,4.8336,6.5286,4.8026,6.4852,6.6288,6.6208,4.8238,22.7234
이알커피 연희,5.4558,5.2854,3.5,3.5,3.5,3.5,3.5,7.2412
작고 귀엽고 소중해,52.8875,59.5871,50.672599999999996,59.0543,54.6787,57.4249,52.4458,170.7509
작은카페,18.0,18.0,18.0,18.0,18.0,18.0,18.0,18.0
잘루,36.0152,41.038,31.683799999999998,40.7082,41.9588,37.9306,31.688,111.0226
전광수커피 포레스트 신촌기차역점,30.44525,32.0343,27.53575,31.50095,30.116549999999997,29.7322,29.2835,90.6485
제니스커피하우스,9.7,9.7,9.7,9.7,9.7,9.7,9.7,9.7
주카,40.599418,44.296201999999994,45.49197,45.673892,45.054096,46.285978,45.115126000000004,62.616682000000004
쥬시빈 이대점,1.0,1.0,1.0,1.0,1.0,1.0,1.0,1.0
쥬씨 신촌점,97.85861200000001,100.430242,94.900602,94.510692,92.64131,95.228848,94.063021,141.633327
쥬씨 연희점,8.0,8.0,8.0,8.0,8.0,8.0,8.0,8.0
쥬씨 이대점,10.170250000000001,11.518600000000001,10.157800000000002,11.462050000000001,11.61055,11.5687,10.165750000000001,23.853700000000003
지니,52.451758999999996,56.686026999999996,53.750521,56.668672,54.054968,56.322179,53.935602,167.869728
지유명차 연희점,9.998564,16.382270000000002,11.354876,16.515632000000004,17.377556000000002,17.089814,11.338322000000002,70.05703400000002
차미리 연대점,-5.2907129999999984,-8.822095,-10.032177,-10.43281,-9.83161,-10.707358,-9.907260999999998,-86.02402400000001
차팅,12.4322,16.074,12.391,16.0356,16.339399999999998,16.2774,12.424199999999999,59.9738
책다방 위숨,324.089977,358.690544,336.607573,360.23630299999996,359.899798,362.323718,335.51617799999997,553.664091
챔스빈 신촌점,57.667922000000004,64.220773,59.159519,66.009601,63.640966999999996,65.098543,60.705847,76.503172
챙스베리,100.593291,105.858795,97.084742,105.342521,104.472341,105.058109,97.671387,208.481186
초코블로썸,1543.6658,1600.928198,1508.82846,1600.80014,1558.5648019999999,1566.745118,1515.322708,2435.455226
초콜릿책방,89.876476,110.96492,97.661315,113.239408,106.00426300000001,111.850171,99.064859,284.661412
카시코이,205.657718,222.771382,206.733329,223.59067299999998,221.224874,224.42964999999998,206.890073,445.397699
카페 나무,426.591094,431.026148,423.32091399999996,430.267113,434.912963,432.35385499999995,421.796072,427.76815899999997
카페 마,289.185825,302.484425,291.3374,302.344635,303.25909,302.874145,291.251655,401.237175
카페 브라마솔레,102.853942,117.422928,91.966978,117.883686,115.600727,113.80794900000001,97.112549,422.748759
카페 플레이스,236.346512,228.057613,228.06634300000002,227.222288,234.82746500000002,228.77638000000002,226.593363,151.88996400000002
카페1000,3.0,3.0,3.0,3.0,3.0,3.0,3.0,3.0
카페1997,16.2085,20.52615,17.0409,20.6186,20.88055,20.792650000000002,17.08815,85.15549999999999
카페도비,13.468910999999999,15.147468,12.700257,14.777292,15.014485999999998,14.722597,12.795516,59.626526999999996
카페라티노,95.10954100000001,103.044478,89.438902,103.168335,99.205488,101.411348,89.49794,221.876032
카페로이,73.62375,73.65825,71.68525,75.09675,71.9808,73.68015,72.9768,140.70175
카페리세 신촌점,5.8396,7.589399999999999,5.7908,7.5702,7.7774,7.6974,5.8084,24.0732
카페리코,9.7976,11.4822,9.609,11.5032,11.8568,11.660599999999999,9.622399999999999,27.5318
카페마지오,54.634370000000004,59.30749,55.165000000000006,58.64996,57.77634,58.43173,55.33909,170.40398
카페몬지 현대백화점 신촌점,15.6,15.6,15.6,15.6,15.6,15.6,15.6,15.6
카페문,65.485278,70.171966,64.419705,69.695054,69.252757,69.686668,64.572442,158.28387
카페바람,40.203322,46.201768,39.842316,46.184182,47.08596,46.730313,39.882829,117.13069
카페베네 연세의료원종합관점,9.4632,9.547039999999999,9.1496,9.43056,9.3872,9.334240000000001,9.19136,35.50320000000001
카페베이지크,40.036925,48.251227,39.437275,48.056194,47.747064,48.724873,39.524956,122.778514
카페봄봄 이화여대점,40.519,42.3384,40.3985,42.347300000000004,42.3181,42.3504,40.4502,74.7219
카페샘,42.644,45.9808,41.903000000000006,45.7554,46.469,45.9716,41.972,88.6958
카페스케네 연희점,20.95398,30.040900000000004,20.394512,28.584572,22.429612,27.202932000000004,22.083876,111.39038399999997
카페슬래시,11.0208,14.3932,12.532799999999998,14.5598,12.9826,14.597,12.5766,48.8628
카페시크릿,20.0,20.0,20.0,20.0,20.0,20.0,20.0,20.0
카페아늑,196.31288,208.228587,190.634168,207.891862,204.694026,206.044211,193.233435,445.23916899999995
카페앤 신촌점,179.18677399999999,193.041471,188.46105,193.882066,195.836972,197.552445,185.87051,258.631288
카페언더우드,44.964025,54.564025,44.78995,56.64155,52.23265,56.94235,44.803200000000004,222.93775
카페엘피스,30.848872999999998,40.206381,32.280048,40.335132,41.63089,41.168261,32.285549,102.755134
카페연희,4.37025,4.4454,4.3578,4.4043,4.3401,4.37925,4.36575,12.66285
카페인중독 신촌점,92.977745,95.172458,90.17974000000001,95.20246300000001,93.50114,92.858754,91.347149,129.839449
카페자리,9.5064,11.467600000000001,13.4496,13.6068,12.8738,13.712,13.3706,51.9868
카페쥬디,3.5,5.1978,3.5,5.177,5.4606,5.3526,3.5,10.688
카페코지,890.936265,898.879072,887.346818,898.905539,895.782956,893.932305,889.951942,1071.734897
카페페라 유니크점,586.0638620000001,589.2507420000001,584.352375,589.267886,590.853073,589.4625930000001,584.472066,610.922597
카페포엠,103.7303,124.961009,108.797154,127.065225,124.806554,129.136028,108.733278,293.229548
카페프루티,13.2042,16.771,11.1296,16.660400000000003,15.4856,16.7838,11.2256,76.3602
캐치카페 신촌,85.587388,97.779975,89.800553,98.282806,95.95339799999999,99.046059,89.733562,191.783741
커피가게동경 연희점,504.23090499999995,528.31598,514.397172,532.381425,526.502862,533.108793,515.390498,744.927635
커피나루,12.15195,13.62275,14.039549999999998,14.4865,13.492049999999999,14.64225,13.9884,42.423449999999995
커피도가헤리티지,321.812612,342.023209,321.05624,341.459843,339.577288,340.631626,321.366627,652.127445
커피빈 신촌점,179.436629,189.171446,179.97564599999998,189.550197,188.160742,190.209051,180.06527,274.768981
커피상점 이심,307.998487,328.04204699999997,310.78578600000003,327.36992399999997,323.224953,326.518611,311.218011,669.457819
커피조에,3.65745,3.7107,3.6786,3.7107,3.669225,3.7059,3.677775,7.81035
커피콩즙,9.9884,11.273150000000001,10.1265,11.31395,11.50755,11.47485,10.1126,10.097000000000001
커피크레페 본점,399.46649399999995,400.958624,399.574831,401.974891,399.26415299999996,401.343115,400.067991,466.250099
커피팜,8.3906,10.2743,9.2065,10.3005,8.5786,10.2954,9.2359,48.2818
컨시어지커피,366.48197,375.778102,353.34621599999997,369.822902,362.648361,364.760593,354.022545,692.860689
컬러드빈,3145.183241,3201.231238,3133.066561,3201.761414,3171.09061,3179.882008,3143.094348,4121.30942
컴포즈커피 신촌연세대점,94.4101,98.06853,94.44211,98.66869,97.00778,96.98029,94.50755,174.58505
컴포즈커피 신촌자이엘라점,45.198347,52.965089,46.714220000000005,53.103409,47.525016,51.882295,48.149132,133.137508
컴포즈커피 이화여대점,9.6312,11.357800000000001,9.4116,11.3306,11.5358,11.414,9.446200000000001,38.1272
코티커피 신촌역점,32.886782,34.338589,34.160371999999995,35.960253,34.865224999999995,35.968318,34.19775,104.377289
코피발리 연대점,45.0668,44.519400000000005,36.6784,43.8624,42.3114,38.491600000000005,38.4324,99.7624
콩,42.81827,53.70355,47.95429,54.02224,48.14374,52.6281,49.57446,131.04465
크레스타운 이대점,33.82187,40.354408,30.859113999999998,39.668249,39.676631,38.779964,32.25588,147.416116
크로플덕 오리아가씨 신촌점,79.85961,83.25122400000001,74.271631,83.160255,79.476389,77.507902,77.897704,164.224715
클로리스 신촌점,7147.613914,7214.6532529999995,7087.702968,7186.960644999999,7184.024743999999,7182.027650999999,7089.359012999999,8155.942188
클로버,46.5714,46.2882,42.2778,46.1928,44.5878,42.6954,43.977000000000004,89.09039999999999
킬더유튜브,10.5952,12.2666,10.218,12.3294,12.753,12.4686,10.2448,38.8756
타타스베이글,12.407125,12.447275000000001,13.190124999999998,13.487675,13.146,13.35055,13.2373,49.26605000000001
탈리,793.409808,809.5899900000001,793.7925150000001,812.3984250000001,807.188632,810.773013,796.5362240000001,1000.3886070000001
탐앤탐스 이대점,86.9713,102.27635000000001,90.57615,105.99455,105.0222,107.41735,90.5877,270.3456
통인동커피공방 로스팅라이브러리,93.394744,102.126659,98.544502,103.119105,99.599062,103.44228700000001,98.545376,209.771735
투썸플레이스 동교동삼거리점,360.743944,374.636774,358.833033,374.636049,378.226183,376.080052,358.926526,555.882561
투썸플레이스 서대문연희점,43.5553,53.996,51.9731,58.641949999999994,54.9644,58.0153,51.66985,180.2159
투썸플레이스 신촌기차역점,152.34994,150.776325,149.858222,150.627619,150.84741300000002,150.35442700000002,149.980537,189.594483
투썸플레이스 신촌연세로점,84.1109,91.76942500000001,85.506825,92.9739,96.45570000000001,95.62780000000001,84.598825,169.343375
트리클커피,49.020524,58.43981,50.822983,56.86667,55.468978,57.298636,50.803619,147.72122000000002
티아레나,1263.122207,1334.194433,1247.37914,1320.39662,1285.759604,1306.025208,1252.910131,2373.787343
티앙팡 오후에 홍차 1호점,2486.585656,2520.5972260000003,2458.563905,2506.893301,2489.765248,2498.7572210000003,2466.583171,3003.145728
파가니니,155.24595,161.03405,139.2865,159.77725,161.9324,152.03075,139.281,283.7879
파티션 WSC,11.401464,14.383249,12.905633,14.411472,14.810268,14.767683,12.841338,35.521107
파티오,325.733644,356.770581,325.565765,356.621348,355.313114,355.744493,325.54028,655.289225
파파,139.2867,150.1969,131.1334,150.5694,149.2194,145.7316,131.97,300.00739999999996
팔공티 신촌점,50.68315,50.5058,51.108149999999995,52.3342,52.9993,52.61725,51.06315,65.211
팔공티 이화여대점,49.342658,55.875227,53.032001,58.206658000000004,54.997192000000005,58.628518,53.014934,141.897188
팝퍼블 현대백화점 신촌점,32.854888,34.859596,35.122111000000004,36.209804000000005,35.021611,36.346049,35.085392,71.19945100000001
패스트카페 신촌점,3.0,7.979,6.8038,8.3982,6.7254000000000005,8.6828,6.7354,30.3246
포트캔커피 신촌점,4.9198,4.7696000000000005,3.0,4.7238,3.0,3.0,4.6512,10.0644
포티드,3023.5439499999998,3081.817443,3013.241118,3079.162644,3080.2309259999997,3078.110026,3015.1829,3801.789007
퐁치커피익스프레스 신촌이대점,2.819,2.8272,2.8120000000000003,2.8542,1.0,2.6876,2.8626,11.8626
푸어링아웃,5826.754243,5931.7891899999995,5870.202262,5943.455494,5936.3726,5950.472807,5869.383288,7099.929884
프레스도넛 연희,53.116,54.65005,48.9514,54.48605,51.406800000000004,52.7039,50.6676,105.58179999999999
프로토콜,6224.313629,6377.5630360000005,6307.797529,6401.166911,6372.056321,6406.920107,6307.525933,7945.843466
프롬하츠커피 신촌점,37.465379999999996,47.29276,40.49878,47.4127,48.50228,48.285259999999994,40.440619999999996,134.39777999999998
프리쏭,43.493558,49.11492,44.363999,48.949147999999994,45.210767999999995,48.74923,44.551136,149.83275899999998
피시스오브서울,80.802261,89.000155,75.624196,88.30211700000001,88.355425,85.737861,77.340293,158.562308
피터캣,124.886248,148.986779,133.945628,150.084617,149.491863,150.454783,133.660024,364.50994199999997
하니앤손스,379.876562,399.478372,360.291878,389.955301,381.930609,382.427396,365.115054,778.075172
하이파이,72.18712,74.800389,64.669359,74.154557,71.631872,68.270698,67.653227,159.767222
한숨,57.21632,63.40142,57.27924,63.64098,62.22886,62.033879999999996,57.32494,129.12564
할리스 신촌연세로점,508.09283,518.001827,518.970852,526.262705,523.845111,527.607507,518.635709,603.916541
할리스 신촌점,407.038078,412.850547,406.227929,412.09362,413.50567,412.699544,406.206418,435.221806
해피앤피스커피클럽,110.138609,117.592325,106.770166,116.588104,114.82156499999999,113.649601,110.067511,311.127881
햅윗버터,5.438,5.3792,5.1642,5.2748,5.1512,5.121,5.2194,15.7478
헤이진,155.970534,167.117719,154.889384,166.698694,163.062525,164.638578,157.265513,344.842947
호밀밭,6281.079722,6296.49193,6168.678656,6284.523609000001,6204.518788,6199.300774,6179.003751,6954.497230000001
혹스턴,137.357525,160.41717500000001,153.278375,167.359741,162.039941,169.786505,152.863305,358.202567
홀리몰리,29.916800000000002,33.3148,30.7194,34.947599999999994,33.2366,33.2664,30.8144,136.216
황카페,8.2218,10.0672,6.6284,9.989,8.697600000000001,8.7646,6.5736,40.9422
휴,143.557224,152.378311,148.689558,153.848058,150.609696,153.982105,148.76391,292.828862
